"Marca temporal","Nombre de usuario","Código de Oficio","Oficio","Fecha Inicio 1","Fecha Fin 1","¿Requiere ingresar más fechas?","Fecha Inicio 2","Fecha Fin 2","Fecha Inicio 3","Fecha Fin 3","Fecha Inicio 4","Fecha Fin 4","Fecha Inicio 5","Fecha Fin 5","Fecha Inicio 6","Fecha Fin 6","Fecha Inicio 7","Fecha Fin 7","Fecha Inicio 8","Fecha Fin 8","Dirección","Oficina (Nombre o número)","Nro de ATM o cajero automático","Ventanilla","Nro de cámara","Especificaciones adicionales","","","","",""
"2020/03/17 2:46:24 a.m. GMT","enrique.pinto@bbva.com","V-3456","","2020-03-16","","","","","","","","","","","","","","","","","","","","","","","Solo video","Prueba","8 de la mañana a 10 de la mañana","ATM",""
"2020/03/17 2:47:46 a.m. GMT","enrique.pinto@bbva.com","V-987","https://drive.google.com/open?usp=forms_web&id=1wsha1gto_3nCKKZIWTGm749ZrL9RJe7J","2020-03-15","","","","","","","","","","","","","","","","","","","","","","","Solo video","Pruebas 2","6 a 8 de la tarde","Oficina",""
"2020/03/17 7:39:26 p.m. GMT","enrique.pinto@bbva.com","1234","https://drive.google.com/open?usp=forms_web&id=1Eyg3nLEC_P37e5_LBP2fr2Ds3RK7tfwh","2020-03-10","","","","","","","","","","","","","","","","","","","","","","","Video más informe","holi","8 a 10 de la mañana","Oficina","enrique.pinto@bbva.com"
"2020/03/30 10:05:21 a.m. GMT","enrique.pinto@bbva.com","V123","https://drive.google.com/open?usp=forms_web&id=1qHQpEXf_b_njFB3NXf4j427Zu8VgkC94","2020-03-09","","","","","","","","","","","","","","","","","Calle tal","1234","3445","10","34","Nada","","","de las 2 a 4","",""
"2020/03/30 10:10:08 a.m. GMT","enrique.pinto@bbva.com","V-67","","2020-02-03","","","","","","","","","","","","","","","","","Calle nose ","123","456","78","09","Nada","","","de 2 a 7","",""
"2020/03/30 4:45:15 p.m. GMT","enrique.pinto@bbva.com","V-456","https://drive.google.com/open?usp=forms_web&id=1mfMYZom0xyeFx_uRNUnuOEGINOo7xMit","2020-03-09","","","","","","","","","","","","","","","","","Calle Republica de Panama 3055","2345","3456","4567","5678","Mesa de la Ventanilla","","","15:00 a 16:00","",""
"2020/03/31 12:40:18 p.m. GMT","enrique.pinto@bbva.com","V-123","https://drive.google.com/open?usp=forms_web&id=1vwTAo5QWtV_50Y9irAWKa7c_75Av8ve9","2020-03-01 14:00","2020-03-01 16:00","Sí","2020-03-02 13:00","2020-03-03 02:00","","","","","","","","","","","","","Ninguna","124","234","345","123","Nada","","","","",""
"2020/03/31 12:43:03 p.m. GMT","enrique.pinto@bbva.com","V-1234","https://drive.google.com/open?usp=forms_web&id=1IRuPGMtLQKpCUVS0DeXi835PhiOtRP_o","2020-03-10 10:00","2020-03-10 15:00","No","","","","","","","","","","","","","","","Nada","1234","2345","3456","123","Ninguna especificacion","","","","",""
"2020/04/03 7:22:17 p.m. GMT","enrique.pinto@bbva.com","V-12345","https://drive.google.com/open?usp=forms_web&id=1vzGCavwKPG4T5mKxvsHjYITeqfhn40fr","2020-04-01 12:00","2020-04-01 16:00","Sí","2020-04-02 15:00","2020-04-02 16:00","2020-04-03 09:00","2020-04-03 12:00","","","","","","","","","","","Ninguna","6","130","10","12","Ninguna","","","","",""
"2020/04/03 7:34:04 p.m. GMT","enrique.pinto@bbva.com","V-4567 PRUEBA","https://drive.google.com/open?usp=forms_web&id=1N9zFPhSdY0j_9LtCO-sHfRFCioW_8sNN","2020-04-01 12:00","2020-04-01 13:00","Sí","2020-04-02 14:00","2020-04-02 16:00","","","","","","","","","","","","","Nada","6","","","56","Ninguna","","","","",""
"2020/04/07 5:22:06 p.m. GMT","manuel.rojas.geronimo.contractor@bbva.com","OFICION°273-20-PRUEBA","https://drive.google.com/open?usp=forms_web&id=1PtsTthlN3pfVMxUMYMrrVM_vuPPShTeT","2020-04-03 06:35","2020-04-03 06:55","No","","","","","","","","","","","","","","","Av. Ramon Castilla N° 848 - 854, Lambayeque","Lambayeque","","","","Cámaras de seguridad del cajero automático","","","","",""
"2020/04/07 5:23:36 p.m. GMT","manuel.rojas.geronimo.contractor@bbva.com","V-123456789","","2020-04-07 11:20","2020-04-07 11:50","Sí","2020-04-14 11:25","2020-04-07 11:30","","","","","","","","","","","","","AV. LA LIBERTAD","LA MOLINA","50","","","","","","","",""
"2020/04/07 5:28:12 p.m. GMT","manuel.rojas.geronimo.contractor@bbva.com","V-HUGO","","2020-04-08 11:20","2020-04-08 11:25","No","","","","","","","","","","","","","","","AV. LA MARINA","LA MARINA","2530","","1","","","","","",""