"Marca temporal","Nombre de usuario","Código del oficio","Correo electrónico del cliente"
"2020/03/17 7:53:31 p.m. GMT","","1234",""
"2020/03/17 8:01:23 p.m. GMT","enrique.pinto@bbva.com","1234","enrique.pinto@bbva.com"
"2020/03/17 8:51:59 p.m. GMT","enrique.pinto@bbva.com","123","enrique.pinto@bbva.com"
"2020/03/17 8:53:43 p.m. GMT","enrique.pinto@bbva.com","1234","enrique.pinto@bbva.com"
"2020/03/17 9:21:56 p.m. GMT","enrique.pinto@bbva.com","1234","enrique.pinto@bbva.com"
"2020/03/17 9:39:01 p.m. GMT","enrique.pinto@bbva.com","1234","enrique.pinto@bbva.com"